token,tag
Ka,OUT
dinako,OUT
dingwe,OUT
",",OUT
go,OUT
tsaya,OUT
nako,OUT
e,OUT
telele,OUT
go,OUT
bula,OUT
ditokomane,OUT
tsa,OUT
PDF,B-MISC
.,OUT

Mo,OUT
go,OUT
mmenyu,OUT
wa,OUT
go,OUT
latlhela,OUT
tlhopha,OUT
Boloka,OUT
seikaeledi,OUT
jaaka,OUT
.,OUT

Mogwebisani,OUT
mo,OUT
mokgatlhong,OUT
wa,OUT
kgwebo,OUT
kgotsa,OUT
therasete,OUT
-,OUT
ditokololo,OUT
tsotlhe,OUT
",",OUT
Bagwebisani,OUT
kgotsa,OUT
therasete,OUT

tshweetso,OUT
/,OUT
Kamego,OUT
kgotsa,OUT
thata,OUT
nngwe,OUT
e,OUT
e,OUT
ka,OUT
nnang,OUT
teng,OUT

dilekanyo,OUT
tsa,OUT
mabotlolo,OUT
kgotsa,OUT
dikgetse,OUT
tse,OUT
menontsha,OUT
e,OUT
tsengwang,OUT
mo,OUT
go,OUT
tsona,OUT
ga,OUT
di,OUT
a,OUT
tshwanela,OUT
go,OUT
fetolwa,OUT
kwa,OUT
ntle,OUT
ga,OUT
go,OUT
bona,OUT
tetla,OUT
mo,OUT
go,OUT
Mokwadise,OUT
.,OUT

Dilekanyo,OUT
tsa,OUT
mabotlolo,OUT
kgotsa,OUT
dikgetse,OUT
tse,OUT
menontsha,OUT
e,OUT
tsengwang,OUT
mo,OUT
go,OUT
tsona,OUT
ga,OUT
di,OUT
a,OUT
tshwanela,OUT
go,OUT
fetolwa,OUT
kwa,OUT
ntle,OUT
ga,OUT
go,OUT
bona,OUT
tetla,OUT
mo,OUT
go,OUT
Mokwadise,OUT
.,OUT

lenanepotso,OUT
la,OUT
Setegeniki,OUT

Kopa,OUT
dikaelo,OUT
ka,OUT
ga,OUT
ditlhokego,OUT
tsa,OUT
kakaretso,OUT
ka,OUT
menontsha,OUT
go,OUT
tswa,OUT
go,OUT
:,OUT
Molao,B-MISC
wa,I-MISC
Ikwadiso,I-MISC
wa,OUT
36,B-MISC
wa,OUT
1947,B-MISC
.,OUT

ditetla,OUT
tse,OUT
di,OUT
dirang,OUT
tsa,OUT
thomelontle,OUT
go,OUT
tswa,OUT
go,OUT
Lefapha,B-ORG
la,I-ORG
Kgwebisano,I-ORG
le,I-ORG
Madirelo,I-ORG
kgotsa,OUT
dikitsiso,OUT
tsa,OUT
tetla,OUT

Madi,OUT
a,OUT
kopo,OUT
a,OUT
a,OUT
tlhokegang,OUT
ke,OUT
R225,B-MISC
(,OUT
e,OUT
e,OUT
akaretsang,OUT
),OUT
.,OUT

(,OUT
Leba,OUT
aterese,OUT
fa,OUT
tlase,OUT
),OUT
.,OUT

dikhopi,OUT
tse,OUT
di,OUT
kannweng,OUT
tsa,OUT
ditetla,OUT
tse,OUT
di,OUT
dirang,OUT
tsa,OUT
go,OUT
tlisa,OUT
mono,OUT
go,OUT
tswa,OUT
go,OUT
Lefapha,B-ORG
la,I-ORG
Kgwebisano,I-ORG
le,I-ORG
Madirelo,I-ORG
kgotsa,OUT
dikitsiso,OUT
tsa,OUT
tetla,OUT

(,OUT
Leba,OUT
aterese,OUT
fa,OUT
tlase,OUT
),OUT
.,OUT

Madi,OUT
a,OUT
kopo,OUT
a,OUT
bokana,OUT
ka,OUT
R225,B-MISC
(,OUT
e,OUT
e,OUT
akaretsang,OUT
),OUT
a,OUT
a,OUT
tlhokega,OUT
.,OUT

Foromo,OUT
e,OUT
e,OUT
bonwa,OUT
kwa,OUT
go,OUT
Lefapha,B-ORG
la,I-ORG
Kgwebo,I-ORG
le,I-ORG
Intaseteri,I-ORG

Foromo,OUT
e,OUT
e,OUT
bonwa,OUT
kwa,OUT
go,OUT
Lefapha,B-ORG
la,I-ORG
Kgwebo,I-ORG
le,I-ORG
Intaseteri,I-ORG

Foromo,OUT
e,OUT
e,OUT
bonwa,OUT
kwa,OUT
go,OUT
Lefapha,B-ORG
la,I-ORG
Kgwebo,I-ORG
le,I-ORG
Intaseteri,I-ORG

Foromo,OUT
e,OUT
e,OUT
bonwa,OUT
kwa,OUT
go,OUT
Lefapha,B-ORG
la,I-ORG
Kgwebo,I-ORG
le,I-ORG
Intaseteri,I-ORG

CM1,OUT
:,OUT
Setifikeiti,OUT
sa,OUT
kopanyo,OUT
sa,OUT
.,OUT

Fa,OUT
ba,OUT
rata,OUT
go,OUT
fetola,OUT
tumelelano,OUT
e,OUT
morago,OUT
ga,OUT
go,OUT
nyalana,OUT
",",OUT
ba,OUT
tla,OUT
tshwanela,OUT
ke,OUT
go,OUT
dira,OUT
kopo,OUT
kwa,OUT
Kgotlatshekelong,B-ORG
e,I-ORG
Kgolo,I-ORG
.,OUT

KITSISO,OUT
YA,OUT
KEMO,OUT
YA,OUT
KHARIKHULAMO,OUT
YA,OUT
BOSETŠHABA,OUT

Disaentshe,OUT
tsa,OUT
Tlhago,OUT
;,OUT

Disaentshe,OUT
tsa,OUT
Loago,OUT
;,OUT

Mofuta,OUT
wa,OUT
Morutabana,OUT
yo,OUT
o,OUT
Solofelwang,OUT

Mofuta,OUT
wa,OUT
Moithuti,OUT
yo,OUT
o,OUT
Solofelwang,OUT
.,OUT

DIPOELOTHUTO,OUT
TSA,OUT
DIPUO,OUT

Sekao,OUT
",",OUT
Baithuti,OUT
ba,OUT
:,OUT

TLHATLHOBO,OUT
YA,OUT
MOITHUTI,OUT

DITHEO,OUT
TSA,OUT
TLHATLHOBO,OUT
TSE,OUT
DI,OUT
DIRISITSWENG,OUT
MO,OUT
THUTONG-TOTA-DIPOELO,OUT

Dintlhapopo,OUT
tsa,OUT
Botlhokwa,OUT

Maikaelelo,OUT
a,OUT
Tlhatlhobo,OUT

Diponagalo,OUT
tsa,OUT
Tlhatlhobo,OUT
e,OUT
e,OUT
Tswelelang,OUT

Ditogamaano,OUT
tsa,OUT
Tlhatlhobo,OUT

Ditiro,OUT
tse,OUT
di,OUT
tshwanang,OUT
tsa,OUT
Tlhatlhobo,OUT

Maikaelelo,OUT
a,OUT
Ditiro,OUT
tse,OUT
di,OUT
Tshwanang,OUT
tsa,OUT
Tlhatlhobo,OUT
ke,OUT
go,OUT
:,OUT

TSAMAISO,OUT
YA,OUT
TLHATLHOBO,OUT

Batho,OUT
ba,OUT
ba,OUT
amegang,OUT
mo,OUT
Tlhatlhobong,OUT

Lenaane,OUT
la,OUT
Sekolo,OUT
la,OUT
Tlhatlhobo,OUT

GO,OUT
TSHOLA,OUT
DIREKOTO,OUT

Dibuka,OUT
tsa,OUT
Direkoto,OUT

Dikhoutu,OUT
tsa,OUT
tlhatlhobo,OUT
di,OUT
dirisiwa,OUT
go,OUT
tlhagisa,OUT
mokgwa,OUT
o,OUT
moithuti,OUT
a,OUT
kgonang,OUT
ka,OUT
teng,OUT
mo,OUT
Dipoelothutong,OUT
.,OUT

Dikhoutu,OUT
tse,OUT
di,OUT
tshwanetseng,OUT
go,OUT
dirisiwa,OUT
mo,OUT
Tlhatlhobong,OUT

Diporofaele,OUT
tsa,OUT
Moithuti,OUT

Tshedimosetso,OUT
e,OUT
e,OUT
tshwanetseng,OUT
go,OUT
Akarediwa,OUT
mo,OUT
Direpotong,OUT

Dikarata,OUT
tsa,OUT
Pegelo,OUT

Leina,OUT
la,OUT
Lekala,OUT

Bosupi,OUT
jwa,OUT
tuelo,OUT
bo,OUT
ka,OUT
feksetswa,OUT
mo,OUT
nomorong,OUT
e,OUT
:,OUT
012,B-MISC
329,I-MISC
8292,I-MISC
for,OUT
attention,OUT
:,OUT
Ina,B-PERS
Labuschagne,I-PERS
.,OUT

Pretoria,B-LOC

0001,B-MISC

or,OUT
Fax,OUT
to,OUT
012,B-MISC
329,I-MISC
8292,I-MISC

Johannesburg,B-LOC
Mogala,OUT
:,OUT
011,B-MISC
973,I-MISC
2827,I-MISC
or,OUT
Fekese,OUT
011,B-MISC
973,I-MISC
2828,I-MISC

Cape,B-LOC
Town,I-LOC
Mogala,OUT
:,OUT
021,B-MISC
551,I-MISC
2050,I-MISC
or,OUT
Fekese,OUT
021,B-MISC
551,I-MISC
1378,I-MISC

Leina,OUT
la,OUT
Lekala,OUT

Bosupi,OUT
jwa,OUT
tuelo,OUT
bo,OUT
ka,OUT
feksediwa,OUT
mo,OUT
nomorong,OUT
e,OUT
:,OUT
012,B-MISC
329,I-MISC
8292,I-MISC
",",OUT
for,OUT
attention,OUT
:,OUT
Ina,B-PERS
Labuschagne,I-PERS
.,OUT

Pretoria,B-LOC

0001,B-MISC

Kgotsa,OUT
Fekesetsa,OUT
go,OUT
:,OUT
012,B-MISC
329,I-MISC
8292,I-MISC

Cape,B-LOC
Town,I-LOC
:,OUT
Mogala,OUT
:,OUT
021,B-MISC
551,I-MISC
2050,I-MISC

City,B-LOC
Deep,I-LOC
Abattoir,OUT
(,OUT
go,OUT
tswa,OUT
fela,OUT
mo,OUT
dinageng,OUT
tse,OUT
di,OUT
mabapi,OUT
),OUT
:,OUT
Mogala,OUT
:,OUT
011,B-MISC
613,I-MISC
1636,I-MISC

Port,B-LOC
Elizabeth,I-LOC
(,OUT
ka,OUT
tetla,OUT
e,OUT
e,OUT
kgethegileng,OUT
),OUT
:,OUT
Mogala,OUT
:,OUT
041,B-MISC
585,I-MISC
8907,I-MISC

Dikao,OUT
tse,OUT
di,OUT
isiwa,OUT
kwa,OUT
go,OUT
OSTS,OUT
mme,OUT
di,OUT
tlhatlhobiwe,OUT
go,OUT
bona,OUT
boleng,OUT
jwa,OUT
tsona,OUT
morago,OUT
setifikeiti,OUT
se,OUT
se,OUT
maleba,OUT
se,OUT
tla,OUT
ntshiwa,OUT
.,OUT

Karolo,OUT
go,OUT
dira,OUT
Semolao,OUT
:,OUT

Ka,OUT
namana,OUT
-,OUT
Ditlankana,OUT
tse,OUT
di,OUT
isiwang,OUT
ka,OUT
namana,OUT
di,OUT
ka,OUT
tsewa,OUT
fela,OUT
ka,OUT
bopaki,OUT
jwa,OUT
kamogelo,OUT
.,OUT

Ka,OUT
khoria,OUT
-,OUT
Khoria,OUT
e,OUT
tla,OUT
newa,OUT
setlankana,OUT
sa,OUT
go,OUT
tsaya,OUT
",",OUT
se,OUT
se,OUT
tlhokegang,OUT
go,OUT
tsaya,OUT
ditlankana,OUT
.,OUT

Ditlankana,OUT
tse,OUT
di,OUT
kannweng,OUT
ke,OUT
Mokhomišenara,B-PERS
wa,I-PERS
Dikano,I-PERS
go,OUT
nna,OUT
dikhopi,OUT
tsa,OUT
nnete,OUT
.,OUT

Maikaelelo,OUT
a,OUT
tirelo,OUT
e,OUT
",",OUT
ke,OUT
go,OUT
thusa,OUT
ditokololo,OUT
tsa,OUT
setšhaba,OUT
go,OUT
dira,OUT
boikuelo,OUT
ka,OUT
ngongorego,OUT
mo,OUT
Bokaeding,OUT
jwa,OUT
Dingongorego,OUT
jo,OUT
bo,OUT
Ikemetseng,OUT
ka,OUT
bojona,OUT
.,OUT

Tse,OUT
di,OUT
latelang,OUT
ke,OUT
lenane,OUT
la,OUT
dingongorego,OUT
tsa,OUT
Karolo,B-MISC
ya,I-MISC
III,I-MISC
:,I-MISC

bonnye,OUT
jwa,OUT
molato,OUT
wa,OUT
lekgetho,OUT
la,OUT
kwa,OUT
ntle,OUT
mo,OUT
pakeng,OUT
e,OUT
(,OUT
dikgwedi,OUT
tse,OUT
6,B-MISC
),OUT
.,OUT

Makgetho,OUT
otlhe,OUT
a,OUT
mangwe,OUT
a,OUT
tla,OUT
sala,OUT
mo,OUT
bofelong,OUT
jwa,OUT
ngwaga,OUT
wa,OUT
matlole,OUT
o,OUT
o,OUT
felelang,OUT
ka,OUT
28,B-MISC
/,OUT
29,B-MISC
Tlhakole,I-MISC
.,OUT

Bala,OUT
lekgetho,OUT
lwa,OUT
lobakanyana,OUT
ka,OUT
tsela,OUT
e,OUT
e,OUT
latelang,OUT
:,OUT

Ngwana,OUT
yo,OUT
o,OUT
sa,OUT
ntseng,OUT
a,OUT
tlhokomelwa,OUT
",",OUT
a,OUT
ka,OUT
nna,OUT
a,OUT
tlisa,OUT
kopo,OUT
a,OUT
sa,OUT
thusiwa,OUT

Moeletsi,OUT

Moithuti,OUT
wa,OUT
Monetetshi,OUT
wa,OUT
tsa,OUT
Tlhago,OUT
(,OUT
Cand.Sci.Nat.,B-MISC
),OUT

Sebopego,OUT
:,OUT
The,OUT
Coca,B-ORG
Cola,I-ORG
bottle,OUT

Kentucky,B-ORG
Fried,I-ORG
Chicken,I-ORG
),OUT
.,OUT

Bona,OUT
foromo,OUT
TM1,B-MISC
mme,OUT
o,OUT
e,OUT
tlatse,OUT
ka,OUT
seraro,OUT
.,OUT

fa,OUT
moswi,OUT
a,OUT
tlhokafaletse,OUT
mo,OUT
Aforka,B-LOC
Borwa,I-LOC
mme,OUT
a,OUT
tlogela,OUT
thoto,OUT
e,OUT
/,OUT
kgotsa,OUT
tokomane,OUT
e,OUT
e,OUT
bidiwang,OUT
tesetamente,OUT
kgotsa,OUT
e,OUT
e,OUT
kaiwang,OUT
jaaka,OUT
tesetamente,OUT

Foromo,OUT
J294,B-MISC

Foromo,OUT
J192,B-MISC
:,OUT
e,OUT
tla,OUT
tladiwa,OUT
fa,OUT
moswi,OUT
a,OUT
sa,OUT
tlogela,OUT
tesetamente,OUT
e,OUT
e,OUT
amogelesegileng,OUT
.,OUT

Foromo,OUT
J243,B-MISC
:,OUT

foromo,OUT
J155,B-MISC
:,OUT

Fa,OUT
boleng,OUT
jwa,OUT
boswa,OUT
bo,OUT
feta,OUT
R125,B-MISC
000,I-MISC
",",OUT
tlatsa,OUT
ditokomane,OUT
tse,OUT
di,OUT
latelang,OUT
:,OUT

Foromo,OUT
J294,B-MISC
:,OUT

Foromo,OUT
J243,B-MISC

Foromo,OUT
J109,B-MISC
:,OUT
Acceptance,OUT
of,OUT
trust,OUT
as,OUT
executor,OUT
-,OUT
e,OUT
tladiwa,OUT
sebedi,OUT
ke,OUT
motho,OUT
/,OUT
batho,OUT
ba,OUT
ba,OUT
tlhophilweng,OUT
go,OUT
nna,OUT
badiragatsi,OUT
.,OUT

Fa,OUT
boleng,OUT
jwa,OUT
boswa,OUT
bo,OUT
feta,OUT
R125,B-MISC
000,I-MISC
",",OUT
makwalo,OUT
a,OUT
bodiragatsi,OUT
a,OUT
tshwanetse,OUT
go,OUT
ntshiwa,OUT
mme,OUT
tsamaiso,OUT
yotlhe,OUT
e,OUT
e,OUT
kaiwang,OUT
ke,OUT
Molao,B-MISC
wa,I-MISC
Tsamaiso,I-MISC
ya,I-MISC
Boswa,I-MISC
wa,I-MISC
1996,I-MISC
",",OUT
o,OUT
tshwanetse,OUT
go,OUT
latelwa,OUT
.,OUT

Makwalo,OUT
a,OUT
taolo,OUT
a,OUT
letlelela,OUT
moemedi,OUT
yo,OUT
o,OUT
tlhophilweng,OUT
go,OUT
tsamaisa,OUT
boswa,OUT
kwa,OUT
ntle,OUT
ga,OUT
go,OUT
latela,OUT
ditsamaiso,OUT
ka,OUT
botlalo,OUT
jaaka,OUT
di,OUT
kailwe,OUT
mo,OUT
Molaong,B-MISC
wa,I-MISC
Tsamaiso,I-MISC
ya,I-MISC
Boswa,I-MISC
wa,I-MISC
1965,I-MISC

2005,B-MISC
-,OUT
e,OUT
e,OUT
bontshang,OUT
ngwaga,OUT
wa,OUT
tshekatsheko,OUT
.,OUT

Moputso,OUT
ofe,OUT
kapa,OUT
ofe,OUT
(,OUT
sekao,OUT
.,OUT
ditshiamelo,OUT
tsa,OUT
tlaleletso,OUT
),OUT
kgotsa,OUT
o,OUT
o,OUT
sa,OUT
tlhagisiwang,OUT
mo,OUT
setefikeiteng,OUT
sa,OUT
IRP5,B-MISC
.,OUT

Ke,OUT
ditirelo,OUT
dife,OUT
tse,OUT
Batlhankedi,B-PERS
ba,I-PERS
Boditšhaba,I-PERS
ba,OUT
tlamelang,OUT
Maaforika,B-MISC
Borwa,I-MISC
a,OUT
a,OUT
tshwerweng,OUT
kwa,OUT
ntle,OUT
ka,OUT
tsona,OUT
?,OUT

Fa,OUT
baamogedi,OUT
ba,OUT
dithebolelo,OUT
tsa,OUT
loago,OUT
ba,OUT
ne,OUT
ba,OUT
balelwa,OUT
go,OUT
bokana,OUT
ka,OUT
dimilione,OUT
tse,OUT
8,B-MISC
ka,OUT
2004,B-MISC
",",OUT
gompieno,OUT
dimilione,OUT
tse,OUT
11,B-MISC
tsa,OUT
Maaforika,B-MISC
Borwa,I-MISC
a,OUT
a,OUT
tlhokang,OUT
di,OUT
fitlhelela,OUT
dithebolelo,OUT
tse,OUT
.,OUT

(,OUT
pp,OUT
62,B-MISC
/,OUT
63,B-MISC
),OUT

Morago,OUT
fela,OUT
ga,OUT
ditlhopho,OUT
tsa,OUT
dipusoselegae,OUT
tsa,OUT
Mopitlwe,B-MISC
2006,I-MISC
",",OUT
mananeo,OUT
a,OUT
katiso,OUT
a,OUT
ne,OUT
a,OUT
dirwa,OUT
",",OUT
go,OUT
etswe,OUT
tlhoko,OUT
62%,OUT
tsa,OUT
boratoropo,OUT
ba,OUT
bašwa,OUT
.,OUT

Mo,OUT
ntlheng,OUT
e,OUT
",",OUT
dipatlisiso,OUT
tse,OUT
pedi,OUT
di,OUT
tla,OUT
dirwa,OUT
ka,OUT
2007,B-MISC
.,OUT

Jann,B-PERS
Turner,I-PERS
",",OUT
morwadia,OUT
Rick,B-PERS
Turner,I-PERS
yo,OUT
o,OUT
bolailweng,OUT
ke,OUT
baamedi,OUT
ba,OUT
tlhaolele,OUT
dingwaga,OUT
tse,OUT
30,B-MISC
tse,OUT
di,OUT
fetileng,OUT
.,OUT

Dikarolo,OUT
tsa,OUT
botlhokwa,OUT
tsa,OUT
Dintlha,OUT
tse,OUT
ke,OUT
:,OUT

Fa,OUT
re,OUT
dira,OUT
mmogo,OUT
gotlhe,OUT
mo,OUT
nageng,OUT
",",OUT
re,OUT
tshwanetse,OUT
go,OUT
tlhaloganya,OUT
gape,OUT
gore,OUT
se,OUT
re,OUT
tshwanetseng,OUT
go,OUT
nna,OUT
ka,OUT
ga,OUT
sona,OUT
ke,OUT
Tsamaiso,OUT
e,OUT
e,OUT
sa,OUT
Farologaneng,OUT
!,OUT

Ka,OUT
jalo,OUT
ke,OUT
nopola,OUT
mafoko,OUT
a,OUT
",",OUT
a,OUT
a,OUT
mpatletseng,OUT
mo,OUT
A,B-MISC
Tale,I-MISC
of,I-MISC
Two,I-MISC
Cities,I-MISC
:,OUT

Di,OUT
tswelela,OUT
go,OUT
re,OUT
naya,OUT
motheo,OUT
o,OUT
o,OUT
tsepameng,OUT
o,OUT
re,OUT
tshwanetseng,OUT
go,OUT
tswelela,OUT
ka,OUT
ona,OUT
jaaka,OUT
re,OUT
tsepamisa,OUT
matlho,OUT
a,OUT
rona,OUT
mo,OUT
go,OUT
fitlheleleng,OUT
maitlhomo,OUT
a,OUT
botshelo,OUT
jo,OUT
bo,OUT
botoka,OUT
go,OUT
batho,OUT
botlhe,OUT
ba,OUT
rona,OUT
.,OUT

Mo,OUT
letlhakoreng,OUT
la,OUT
tlamelo,OUT
",",OUT
Eskom,B-ORG
e,OUT
dira,OUT
ka,OUT
natla,OUT
go,OUT
netefatsa,OUT
go,OUT
tlhomiwa,OUT
ga,OUT
diporojeke,OUT
tse,OUT
di,OUT
thusang,OUT
tlhagiso,OUT
ka,OUT
bonako,OUT
.,OUT

Se,OUT
se,OUT
tshwanetse,OUT
go,OUT
tlhotlheletsa,OUT
Bafana,B-MISC
Bafana,I-MISC
",",OUT
jaaka,OUT
se,OUT
tshwanetse,OUT
go,OUT
tlhotlheletsa,OUT
ditabogi,OUT
tsa,OUT
rona,OUT
tse,OUT
di,OUT
tla,OUT
gaisanang,OUT
kwa,OUT
Metshamekong,B-MISC
ya,I-MISC
Diolimpiki,I-MISC
kwa,OUT
Beijing,B-LOC
moragonyana,OUT
monongwaga,OUT
.,OUT

Tla,OUT
ke,OUT
boele,OUT
kwa,OUT
Dintlheng,OUT
tsa,OUT
Botlhokwa,OUT
tse,OUT
di,OUT
kwa,OUT
Setlhoeng,OUT
tse,OUT
ke,OUT
di,OUT
umakileng,OUT
.,OUT

ditokololo,OUT
tsa,OUT
Kokoano,OUT
.,OUT

',OUT
',OUT
en,OUT
so,OUT
'n,OUT
hof,OUT
",",OUT
hetsy,OUT
hy,OUT
",",OUT
in,OUT
die,OUT
geval,OUT
van,OUT
'n,OUT
ander,OUT
hof,OUT
as,OUT
'n,OUT
hof,OUT
met,OUT
gelyke,OUT
of,OUT
hoër,OUT
regsbevoegdheid,OUT
",",OUT
anders,OUT
saamgestel,OUT
is,OUT
al,OUT
dan,OUT
nie,OUT
as,OUT
wat,OUT
hy,OUT
ten,OUT
tyde,OUT
van,OUT
bedoelde,OUT
uitstel,OUT
of,OUT
opskorting,OUT
was,OUT
",",OUT
kan,OUT
dan,OUT
",",OUT
in,OUT
die,OUT
geval,OUT
van,OUT
subparagraaf,OUT
(,OUT
i,OUT
),OUT
",",OUT
'n,OUT
bevoegde,OUT
vonnis,OUT
oplê,OUT
[,OUT
wat,OUT
",",OUT
waar,OUT
die,OUT
betrokke,OUT
persoon,OUT
onder,OUT
die,OUT
ouderdom,OUT
van,OUT
een-en-twintig,OUT
jaar,OUT
is,OUT
",",OUT
ook,OUT
'n,OUT
bevel,OUT
ingevolge,OUT
die,OUT
bepalings,OUT
van,OUT
artikel,OUT
290,B-MISC
kan,OUT
insluit,OUT
",",OUT
],OUT
of,OUT
",",OUT
in,OUT
die,OUT
geval,OUT
van,OUT
subparagraaf,OUT
(,OUT
ii,OUT
),OUT
",",OUT
die,OUT
opgeskorte,OUT
vonnis,OUT
ten,OUT
uitvoer,OUT
lê,OUT
.,OUT

Setlhogo,OUT
sa,OUT
bo,OUT
7,B-MISC
:,OUT
Dikgotla,OUT
tsa,OUT
Tekatekano,OUT
ke,OUT
eng,OUT
?,OUT

LNG,OUT
ke,OUT
sengwe,OUT
sa,OUT
ditlamo,OUT
tse,OUT
di,OUT
golang,OUT
tsa,OUT
bodirelo,OUT
jwa,OUT
eneji,OUT
",",OUT
mme,OUT
gape,OUT
setlamo,OUT
sa,OUT
Shell,B-MISC
ke,OUT
bodirelo,OUT
jo,OUT
bo,OUT
simolotseng,OUT
kgwebo,OUT
eno,OUT
e,OUT
bile,OUT
bo,OUT
e,OUT
eteletse,OUT
pele,OUT
.,OUT

Tshedimosetso,OUT
e,OUT
e,OUT
newa,OUT
Komiti,B-MISC
ya,I-MISC
Ditekanyetso,I-MISC
tsa,I-MISC
Dijalo,I-MISC
fela,OUT
dikgaolo,OUT
tsa,OUT
ditekanyetso,OUT
tse,OUT
di,OUT
jetsweng,OUT
ga,OUT
di,OUT
dirisiwe,OUT
mo,OUT
ditekanyetso,OUT
.,OUT

Nel,B-PERS
.,OUT

Ngwana,OUT
a,OUT
ka,OUT
se,OUT
ka,OUT
a,OUT
wela,OUT
ka,OUT
lemena,OUT
re,OUT
sa,OUT
ntse,OUT
re,OUT
tshela,OUT
.,OUT

O,OUT
thutswe,OUT
ke,OUT
bese,OUT
kwa,OUT
Tlhabane,B-LOC
mo,OUT
bekeng,OUT
e,OUT
e,OUT
fetileng,OUT
.,OUT

Prof,B-PERS
Annette,I-PERS
Combrink,I-PERS
.,OUT

Dilo,OUT
di,OUT
tshwanetse,OUT
go,OUT
latlhiwa,OUT
kgabetsa-,OUT
bogolo,OUT
gangwe,OUT
ka,OUT
ngwaga-,OUT
tse,OUT
mo,OUT
godimo,OUT
setefikeite,OUT
se,OUT
se,OUT
tlhalositsweng,OUT
sa,OUT
tshenyo,OUT
se,OUT
tshwanetseng,OUT
go,OUT
romelwa,OUT
kwa,OUT
Moakhaefeng,OUT
wa,OUT
POROFENSE,OUT
.,OUT

Ke,OUT
nna,OUT
Tsholofelo,B-PERS
",",OUT
kgaitsadio,OUT
.,OUT

Go,OUT
ka,OUT
tswa,OUT
go,OUT
diregile,OUT
eng,OUT
Kana,OUT
ke,OUT
tlhotse,OUT
kwa,OUT
toropong,OUT
maabane,OUT
?,OUT

Fa,OUT
mosotli,OUT
a,OUT
dira,OUT
boikuelo,OUT
",",OUT
taelo,OUT
e,OUT
tswelela,OUT
go,OUT
dira,OUT
go,OUT
fitlhela,OUT
e,OUT
phimolwa,OUT
/,OUT
khanselwa,OUT
ke,OUT
Kgotlatshekelo,B-ORG
ya,I-ORG
Boikuelo,I-ORG
.,OUT

killeR,OUT
:,OUT
(,OUT
O,OUT
a,OUT
goa,OUT
),OUT
Ijojojoo,OUT
!,OUT

nakedi,OUT
:,OUT
O,OUT
isa,OUT
kae,OUT
kao,OUT
eo,OUT
Tshepo,B-PERS
Go,OUT
tswa,OUT
leng,OUT
Thokwana,OUT
a,OUT
kaiwa,OUT
fa,OUT
a,OUT
gamiwa,OUT
?,OUT

Itsise,OUT
Nedlac,B-MISC
ka,OUT
maikaelelo,OUT
a,OUT
mokgatlho,OUT
wa,OUT
badiri,OUT
a,OUT
go,OUT
tsweletsa,OUT
boipelaetso,OUT
.,OUT

Shaka's,OUT
Day,OUT
),OUT

Gaborone,B-LOC
:,OUT
Longman,OUT
.,OUT

Jann,B-PERS
Turner,I-PERS
",",OUT
morwadia,OUT
Rick,B-PERS
Turner,I-PERS
yo,OUT
o,OUT
bolailweng,OUT
ke,OUT
baamedi,OUT
ba,OUT
tlhaolele,OUT
dingwaga,OUT
tse,OUT
30,B-MISC
tse,OUT
di,OUT
fetileng,OUT
.,OUT

EknowledgeCenter,OUT
",",OUT
Arizona,B-LOC
",",OUT
U.S.A.,B-LOC

lepodisi,OUT
:,OUT
Heela,OUT
ka,OUT
re,OUT
Phofu,B-PERS
o,OUT
pitikologile,OUT
ka,OUT
koloi,OUT
kwa,OUT
",OUT
man,OUT
",OUT

O,OUT
buela,OUT
kwa,OUT
tlase,OUT
ka,OUT
go,OUT
fela,OUT
pelo,OUT
),OUT
Khaamaan,OUT
!,OUT

Fa,OUT
re,OUT
dira,OUT
mmogo,OUT
gotlhe,OUT
mo,OUT
nageng,OUT
",",OUT
re,OUT
tshwanetse,OUT
go,OUT
tlhaloganya,OUT
gape,OUT
gore,OUT
se,OUT
re,OUT
tshwanetseng,OUT
go,OUT
nna,OUT
ka,OUT
ga,OUT
sona,OUT
ke,OUT
Tsamaiso,OUT
e,OUT
e,OUT
sa,OUT
Farologaneng,OUT
!,OUT

Pavey,OUT
o,OUT
setse,OUT
a,OUT
itse,OUT
Potchefstroom,B-LOC
ka,OUT
a,OUT
setse,OUT
a,OUT
kile,OUT
a,OUT
ikatisa,OUT
ka,OUT
mono,OUT
nako,OUT
e,OUT
e,OUT
fetileng,OUT
.,OUT

Nomalanga,B-PERS
o,OUT
tswa,OUT
go,OUT
tsewa,OUT
kgakala,OUT
kwa,OUT
Komatipoort,B-LOC
.,OUT

(,OUT
O,OUT
tsena,OUT
mo,OUT
ntlong,OUT
.,OUT

Maru,OUT
a,OUT
nna,OUT
bokete,OUT
thata,OUT
mme,OUT
metsi,OUT
a,OUT
wela,OUT
gape,OUT
kwa,OUT
lefatsheng,OUT
ka,OUT
sebopego,OUT
sa,OUT
pula,OUT
",",OUT
sefako,OUT
",",OUT
serame,OUT
kgotsa,OUT
segagane,OUT
.,OUT

Morago,OUT
ga,OUT
go,OUT
kopana,OUT
ga,OUT
dikoloni,OUT
tse,OUT
nne,OUT
ka,OUT
1910,B-MISC
",",OUT
",OUT
Makgotla,OUT
a,OUT
Dikgosi,OUT
",OUT
a,OUT
ne,OUT
a,OUT
dirisiwa,OUT
go,OUT
rotloetsa,OUT
bosemorafe,OUT
.,OUT

Lebaka,OUT
la,OUT
gore,OUT
o,OUT
se,OUT
ke,OUT
wa,OUT
duela,OUT
dituelelo,OUT
tsa,OUT
go,OUT
fitlhelela,OUT
direkoto,OUT
:,OUT

Tsa,OUT
bodiredi,OUT
:,OUT
Motlatsa,OUT
mokwaledi,OUT
wa,OUT
Protea,B-MISC
North,I-MISC
Burial,I-MISC
Society,I-MISC
Ramatlotlo,OUT
wa,OUT
Protea,B-MISC
Golden,I-MISC
Harvest,I-MISC
Club,I-MISC
.,OUT

Thuto-tota-dipoelo,OUT
ke,OUT
motheo,OUT
wa,OUT
kharikhulamo,OUT
mo,OUT
Aforika,B-LOC
Borwa,I-LOC
.,I-LOC

MotLagoMaNg,B-PERS
:,OUT
Mosadi,OUT
wa,OUT
ga,OUT
Ntope,B-PERS
.,OUT

O,OUT
goletse,OUT
mo,OUT
motsaneng,OUT
o,OUT
mme,OUT
a,OUT
simolola,OUT
sekolo,OUT
mo,OUT
Sekolopotlaneng,B-MISC
sa,I-MISC
Driekoppies,B-LOC
ka,OUT
1959,B-MISC
.,OUT

Morero,OUT
wa,OUT
Kopano,OUT
ke,OUT
:,OUT
",OUT
Nutrition,B-MISC
Safari,I-MISC
for,I-MISC
Innovative,I-MISC
Solutions,I-MISC
",OUT

(,OUT
O,OUT
leka,OUT
lebati,OUT
.,OUT

Ka,OUT
bomadimabe,OUT
ga,OUT
go,OUT
na,OUT
polase,OUT
e,OUT
e,OUT
ka,OUT
rekisiwang,OUT
ka,OUT
R15,B-MISC
000,I-MISC
",",OUT
ka,OUT
jalo,OUT
batho,OUT
ba,OUT
ba,OUT
neng,OUT
ba,OUT
batla,OUT
go,OUT
reka,OUT
polase,OUT
ba,OUT
ne,OUT
ba,OUT
tshwanela,OUT
go,OUT
ipopa,OUT
ditlhopha,OUT
mme,OUT
ba,OUT
reke,OUT
polase,OUT
mmogo,OUT
.,OUT

Ditshenyegelo,OUT
tse,OUT
di,OUT
abelelwang,OUT
tsa,OUT
go,OUT
dira,OUT
seo,OUT
R,B-MISC

(,OUT
Boalo,OUT
jwa,OUT
bobedi,OUT
",",OUT
mejako,OUT
e,OUT
a,OUT
bulega,OUT
),OUT

Ka,OUT
go,OUT
riana,OUT
go,OUT
tlhamiwa,OUT
khansele,OUT
e,OUT
e,OUT
tla,OUT
itseweng,OUT
jaaka,OUT
Khansele,B-MISC
ya,I-MISC
Bosetšhaba,I-MISC
ya,I-MISC
Boitekanelo,I-MISC
.,OUT

Dimaekhothokosine,OUT
tse,OUT
di,OUT
ithutilwe,OUT
ka,OUT
bophara,OUT
go,OUT
tloga,OUT
1961,B-MISC
foo,OUT
setlhopha,OUT
sa,OUT
Aspergillus,B-MISC
flavus,OUT
se,OUT
se,OUT
botlhole,OUT
thata,OUT
e,OUT
leng,OUT
",OUT
aflatoxins,OUT
",OUT
di,OUT
se,OUT
na,OUT
go,OUT
tlhaolwa,OUT
.,OUT

1.14,B-MISC
Mmui,OUT
ke,OUT
monna,OUT
wa,OUT
ga,OUT
Kgabele-setopo,B-PERS
se,OUT
se,OUT
lwelwang,OUT
.,OUT

sajene,OUT
:,OUT
(,OUT
O,OUT
a,OUT
mo,OUT
kgaoletsa,OUT
),OUT
Naare,OUT
matsitla,OUT
a,OUT
ona,OUT
ke,OUT
a,OUT
kwa,OUT
kae,OUT
a,OUT
O,OUT
tsena,OUT
jang,OUT
mo,OUT
dilong,OUT
wena,OUT
?,OUT

m,OUT
Go,OUT
phimolwa,OUT
ga,OUT
molawana,OUT
wa,OUT
290,B-MISC
.,OUT

Ka,OUT
re,OUT
bathonyana,OUT
ba,OUT
Themba,B-LOC
ba,OUT
tla,OUT
nkitse,OUT
.,OUT

Ka,OUT
tsela,OUT
e,OUT
",",OUT
maloko,OUT
a,OUT
Kgwebo,OUT
ba,OUT
tshwanetse,OUT
go,OUT
itsise,OUT
Mokwadise,OUT
wa,OUT
Dikhamphane,OUT
ka,OUT
maikaelelo,OUT
a,OUT
bona,OUT
.,OUT

Maidi,B-PERS
a,OUT
tshwaetsega,OUT
bonolo,OUT
mo,OUT
maemong,OUT
a,OUT
ngodiego,OUT
(,OUT
sekao,OUT
:,OUT
go,OUT
ntsha,OUT
lefetlho,OUT
),OUT

Yo,OUT
ke,OUT
mosadi,OUT
wa,OUT
me,OUT
Nkemeleng,B-PERS
.,OUT

Fatima,B-PERS
wa,OUT
mosetsanyana,OUT
a,OUT
tlhoka,OUT
molomo,OUT
a,OUT
ntse,OUT
a,OUT
o,OUT
rwele,OUT
",",OUT
a,OUT
gaelelwa,OUT
ke,OUT
puo,OUT
e,OUT
tswe,OUT
a,OUT
ne,OUT
a,OUT
e,OUT
itse,OUT
ka,OUT
bokgeleke,OUT
",",OUT
yo,OUT
mogolwane,OUT
a,OUT
ipipa,OUT
sefatlhego,OUT
ka,OUT
diatla,OUT
.,OUT

Dira,OUT
sengwe,OUT
re,OUT
tswe,OUT
mo,OUT
motseng,OUT
o,OUT
",",OUT
a,OUT
o,OUT
ntse,OUT
o,OUT
lebile,OUT
ka,OUT
moo,OUT
Kgodumodumo,OUT
e,OUT
fetsang,OUT
diphologolo,OUT
tsa,OUT
rona,OUT
ka,OUT
teng,OUT
?,OUT

tau,OUT
:,OUT
Tsena,OUT
!,OUT
Ao,OUT
!,OUT

Maina,OUT
a,OUT
baeteledipele,OUT
ba,OUT
go,OUT
tloga,OUT
ka,OUT
1894,B-MISC
a,OUT
tla,OUT
kwadiwa,OUT
ka,OUT
mo,OUT
maboteng,OUT
a,OUT
.,OUT

Thala,OUT
lenaneo,OUT
la,OUT
maikaelelo,OUT
a,OUT
gago,OUT
.,OUT

Bala,OUT
madi,OUT
a,OUT
porofete,OUT
kgotsa,OUT
a,OUT
tatlhegelo,OUT
a,OUT
a,OUT
tshwanelang,OUT
go,OUT
balelwa,OUT
mo,OUT
mading,OUT
a,OUT
lotseno,OUT
a,OUT
a,OUT
duedisiwang,OUT
lokgetho,OUT
.,OUT

Korean,B-MISC
Association,I-MISC
of,I-MISC
Translation,I-MISC
Studies,I-MISC
(,OUT
KATS,B-MISC
),OUT
Khonferense,B-MISC
ya,I-MISC
Boditšhabatšhaba,I-MISC
",",OUT
Translation,B-MISC
and,I-MISC
Globalisation,I-MISC
:,OUT
Sookmyung,B-ORG
Women's,I-ORG
University,I-ORG
",",OUT
Seoul,B-LOC
",",OUT
Korea,B-LOC
",",OUT
30-31,B-MISC
Diphalane,I-MISC
2009,I-MISC
.,OUT

Mokgatlho,OUT
o,OUT
simolotse,OUT
ka,OUT
1946,B-MISC
fa,OUT
Kokoano,B-MISC
ya,I-MISC
Ditšhaba,I-MISC
Kopano,I-MISC
e,OUT
rulaganya,OUT
Tšhata,B-MISC
ya,I-MISC
Ditšhaba,I-MISC
Kopano,I-MISC
.,OUT

O,OUT
ne,OUT
a,OUT
setse,OUT
a,OUT
ithutile,OUT
Fatima,B-PERS
sentle,OUT
e,OUT
bile,OUT
a,OUT
itse,OUT
gore,OUT
ka,OUT
moso,OUT
o,OUT
tla,OUT
mo,OUT
tswela,OUT
mosadi-tia,OUT
.,OUT

Ba,OUT
lelapa,OUT
la,OUT
ga,OUT
Ramoepa,B-PERS
mo,OUT
motseng,OUT
wa,OUT
Kopmane,B-LOC
.,OUT

Bo,OUT
tsamaya,OUT
jang,OUT
botshelo,OUT
morwaarra,OUT
?,OUT

a,OUT
mokwaledi,OUT
wa,OUT
Tshireletso,OUT
.,OUT

Izinto,OUT
ezibalulekile,OUT
lapho,OUT
sibheka,OUT
ubukhulu,OUT
bethaya,OUT
zilokhu,OUT
:,OUT
ububanzi,OUT
beseksheni,OUT
(,OUT
SW,B-MISC
),OUT
",",OUT
ububanzi,OUT
beseksheni,OUT
lapho,OUT
sekukhona,OUT
umthwalo,OUT
(,OUT
LSW,B-MISC
),OUT
(,OUT
lokhu,OUT
kuzokutshela,OUT
ukuthi,OUT
ithaya,OUT
lizokwazi,OUT
ukuhamba,OUT
ngaphakathi,OUT
kwamalayini,OUT
ezitshalo,OUT
),OUT
nobubanzi,OUT
besiyingi,OUT
(,OUT
overall,OUT
diameter,OUT
(,OUT
OD,B-MISC
),OUT
),OUT
okukhombisa,OUT
ubude,OUT
(,OUT
ukuphakama,OUT
),OUT
bethaya,OUT
lapho,OUT
seligcwele,OUT
umoya,OUT
.,OUT

3.2,B-MISC
Bo,OUT
tla,OUT
sa,OUT
jang,OUT
?,OUT

Fatima,B-PERS
o,OUT
ne,OUT
a,OUT
tlhaloganya,OUT
sentle,OUT
gore,OUT
fa,OUT
mosadi,OUT
a,OUT
sa,OUT
go,OUT
batle,OUT
mo,OUT
legaeng,OUT
lwa,OUT
gagwe,OUT
",",OUT
ga,OUT
go,OUT
sepe,OUT
se,OUT
o,OUT
ka,OUT
se,OUT
dirang,OUT
.,OUT

",OUT
Dipholo,OUT
",OUT
(,OUT
ke,OUT
gore,OUT
",",OUT
setlankana,OUT
sa,OUT
mokgaokakgang,OUT
sa,OUT
Molawana,OUT
wa,OUT
boitshwaro,OUT
),OUT
e,OUT
tshwanetse,OUT
go,OUT
",OUT
setlankana,OUT
sa,OUT
tumallano,OUT
",OUT
;,OUT
ke,OUT
gore,OUT
ditlhopha,OUT
tsotlhe,OUT
kgotsa,OUT
banna-le,OUT
seabe,OUT
ba,OUT
tshwanetse,OUT
go,OUT
dumallana,OUT
.,OUT

Sa,OUT
ntlha,OUT
go,OUT
ka,OUT
simololwa,OUT
ka,OUT
baithuti,OUT
ba,OUT
ba,OUT
40,B-MISC
fela,OUT
ba,OUT
ba,OUT
tla,OUT
kwadisiwang,OUT
kwa,OUT
Setheong,OUT
.,OUT

Tiro,OUT
e,OUT
e,OUT
simolotse,OUT
ka,OUT
Lwetse,B-MISC
2007,I-MISC
.,OUT

Xolile,B-PERS
Dasheka,I-PERS
o,OUT
belegetswe,OUT
mo,OUT
polaseng,OUT
mo,OUT
sedikeng,OUT
sa,OUT
Petrusburg,B-LOC
.,OUT

Tiro,OUT
e,OUT
e,OUT
dirwang,OUT
ka,OUT
2009,B-MISC
e,OUT
tlamela,OUT
ka,OUT
boalo,OUT
jo,OUT
bo,OUT
tiileng,OUT
jwa,OUT
tiro,OUT
ka,OUT
tsela,OUT
e,OUT
.,OUT

David,B-PERS
o,OUT
simolotse,OUT
go,OUT
dira,OUT
temothuo,OUT
gape,OUT
ka,OUT
2008,B-MISC
.,OUT

Wela,OUT
makgwafo,OUT
.,OUT

●,OUT
Itsise,OUT
Lefapha,B-ORG
la,I-ORG
Badiri,I-ORG
jaaka,OUT
Molao,B-MISC
wa,I-MISC
Polokesego,I-MISC
le,I-MISC
Boitekanelo,I-MISC
mo,OUT
Tirong,OUT
o,OUT
kopa,OUT
jalo,OUT
?,OUT

Fa,OUT
o,OUT
setse,OUT
o,OUT
sweditse,OUT
ka,OUT
tlhopho,OUT
e,OUT
e,OUT
maleba,OUT
",",OUT
saena,OUT
afitafiti,OUT
mme,OUT
o,OUT
e,OUT
romele,OUT
go,OUT
Botsamaisi,OUT
jo,OUT
bo,OUT
:,OUT
Ditirelo,OUT
tsa,OUT
Boditšhaba,OUT
kwa,OUT
Lefapheng,B-ORG
la,I-ORG
Merero,I-ORG
ya,I-ORG
Boditšhaba,I-ORG
.,OUT

Phatlha,OUT
e,OUT
e,OUT
tlogetsweng,OUT
ke,OUT
Ntope,B-PERS
",",OUT
e,OUT
tlile,OUT
go,OUT
bonagala,OUT
.,OUT

Madi,OUT
ga,OUT
jaana,OUT
ke,OUT
R870,B-MISC
ka,OUT
kgwedi,OUT
.,OUT

Go,OUT
beetswe,OUT
thoko,OUT
madi,OUT
a,OUT
a,OUT
kana,OUT
ka,OUT
R4.1,B-MISC
bilione,OUT
go,OUT
tlhola,OUT
ditiro,OUT
tse,OUT
dintsi,OUT
mo,OUT
dingwageng,OUT
tse,OUT
tlhano,OUT
tse,OUT
di,OUT
tlang,OUT
.,OUT

Mo,OUT
mosong,OUT
wa,OUT
Laboraro,B-MISC
",",OUT
16,B-MISC
Seetebosigo,I-MISC
1976,I-MISC
",",OUT
baithuti,OUT
go,OUT
kgabaganya,OUT
Soweto,B-LOC
ba,OUT
ne,OUT
ba,OUT
kgobokana,OUT
kwa,OUT
mafelong,OUT
a,OUT
kopano,OUT
a,OUT
feta,OUT
12,B-MISC
go,OUT
ipaakanyetsa,OUT
mogwanto,OUT
.,OUT

Diakhaefe,B-MISC
tsa,I-MISC
Bosetšhaba,I-MISC
di,OUT
tshola,OUT
direjisetara,OUT
tsa,OUT
bosetšhaba,OUT
tsa,OUT
direkoto,OUT
tse,OUT
e,OUT
seng,OUT
tsa,OUT
setšhaba,OUT
ka,OUT
boleng,OUT
jwa,OUT
boakhaefe,OUT
.,OUT

Kgato,OUT
7Maano,B-MISC
a,OUT
mangwe,OUT
gape,OUT
",",OUT
dikakanyo,OUT
Ditiro,OUT
?,OUT

Go,OUT
tlala,OUT
go,OUT
go,OUT
feteletseng,OUT
ga,OUT
batho,OUT
ka,OUT
jalo,OUT
go,OUT
tshameka,OUT
karolo,OUT
mo,OUT
go,OUT
anamiseng,OUT
TB,B-MISC
.,OUT

Kgatlhego,OUT
-,OUT
Diteng,OUT
tsa,OUT
papatso,OUT
di,OUT
tshwanetse,OUT
tsa,OUT
dira,OUT
gore,OUT
moreki,OUT
a,OUT
kgatllhege,OUT
.,OUT

sajeNe,OUT
MpoNiNi,B-PERS
:,OUT
Dikgang,OUT
ke,OUT
tsona,OUT
tseo,OUT
.,OUT

J,B-PERS
McWha,I-PERS
",",OUT
Motlatsa-mokansaliri,B-MISC
wa,OUT
Yunibesiti,B-ORG
ya,I-ORG
Adelaide,I-ORG
",",OUT
o,OUT
tlhophilwe,OUT
go,OUT
nna,OUT
Ramatlotlo,OUT
wa,OUT
tlotlo,OUT
wa,OUT
MDK,B-MISC
(,OUT
ACU,B-MISC
),OUT

Batho,OUT
ba,OUT
ba,OUT
',OUT
emeng,OUT
mo,OUT
puleng,OUT
bale,OUT
",",OUT
ba,OUT
ikutlwa,OUT
jang,OUT
!,OUT

Mokatisi,OUT
:,OUT
Marcello,B-PERS
Lippi,I-PERS
.,OUT

Ke,OUT
Kolokoti,B-PERS
yoo,OUT
.,OUT

Mogala,OUT
:,OUT
2721,B-MISC
403,I-MISC
2911,I-MISC
Fekese,OUT
:,OUT
2721,B-MISC
403,I-MISC
3784,I-MISC
",",OUT
P.O.,B-MISC
